Workbook

Sheet Project Tracker
A1: INSTITUTIONAL PROCESS IMPROVEMENT TRACKER
A2: Last Updated: June 25, 2026
A4: Project ID | B4: Project Name | C4: Department / Owner | D4: Category | E4: Priority | F4: Start Date | G4: Target Date | H4: Actual End Date | I4: Status | J4: % Complete | K4: Requirements | L4: Key Deliverables | M4: Milestones | N4: Issues / Notes
A5: PI-001 | B5: Student Enrollment Workflow | C5: Registrar / J. Smith | D5: Process Redesign | E5: High | F5: 45672 | G5: 45838 | I5: In Progress | J5: 0.65 | K5: Map current enrollment steps; identify bottlenecks; obtain stakeholder sign-off | L5: As-is process map; To-be process map; SOP document; Training guide | M5: Kickoff (Jan 15) ✓ | Discovery (Feb 28) ✓ | Draft SOP (Apr 30) ✓ | UAT (Jun 15) | Go-Live (Jun 30) | N5: Delay in IT sign-off for portal integration; escalated to CIO on May 3
A6: PI-002 | B6: Faculty Onboarding Standardization | C6: HR / M. Patel | D6: Policy | E6: High | F6: 45689 | G6: 45869 | I6: In Progress | J6: 0.4 | K6: Review existing onboarding docs; benchmark peer institutions; draft unified policy | L6: Benchmark report; Policy draft; Checklist toolkit; Manager guide | M6: Kickoff (Feb 1) ✓ | Benchmarking (Mar 31) ✓ | Draft Policy (May 31) | Approval (Jul 15) | Launch (Jul 31)
A7: PI-003 | B7: Budget Reporting Automation | C7: Finance / R. Chen | D7: Technology | E7: Medium | F7: 45717 | G7: 45930 | I7: In Progress | J7: 0.2 | K7: Define reporting requirements; select BI tool; configure dashboards; train users | L7: Requirements doc; Vendor selection memo; Power BI dashboards; Training materials | M7: Kickoff (Mar 1) ✓ | Requirements (Apr 15) ✓ | Tool Selection (May 31) | Build (Aug 31) | Go-Live (Sep 30) | N7: Awaiting Procurement approval for Power BI license
A8: PI-004 | B8: FERPA Compliance Audit | C8: Compliance / T. Davis | D8: Compliance | E8: High | F8: 45597 | G8: 45747 | H8: 45744 | I8: Completed | J8: 1 | K8: Conduct data access audit; review disclosure logs; remediate gaps; document findings | L8: Audit report; Gap analysis; Remediation plan; Updated disclosure forms | M8: Kickoff (Nov 1) ✓ | Audit (Dec 31) ✓ | Gap Analysis (Jan 31) ✓ | Remediation (Mar 15) ✓ | Report (Mar 28) ✓ | N8: Closed. 3 minor gaps remediated; annual re-audit scheduled Nov 2025
A9: PI-005 | B9: IT Help Desk Ticket SLA Review | C9: IT / K. Nguyen | D9: Process Redesign | E9: Medium | F9: 45748 | G9: 45900 | I9: Not Started | J9: 0 | K9: Analyze historical ticket data; define SLA tiers; update escalation policy | L9: Data analysis report; Revised SLA policy; Escalation matrix; Staff training deck | M9: Kickoff (Apr 1) | Data Analysis (May 31) | Policy Draft (Jun 30) | Training (Aug 15) | Launch (Aug 31) | N9: Pending resource allocation from IT Director
A10: PI-006 | B10: Research Grant Submission Process | C10: Research Office / A. Lopez | D10: Process Redesign | E10: Low | F10: 45792 | G10: 45991 | I10: Not Started | J10: 0 | K10: Interview PIs and grants staff; document pain points; propose streamlined workflow | L10: Interview findings; Future-state workflow; Revised submission checklist | M10: Kickoff (May 15) | Interviews (Jun 30) | Analysis (Aug 31) | Draft (Oct 31) | Pilot (Nov 30)

Sheet Dashboard
B2: PROJECT IMPROVEMENT – EXECUTIVE DASHBOARD
B3: Auto-calculated from Project Tracker | June 25, 2026
B5: Total Projects | D5: Completed | F5: In Progress | H5: Not Started | J5: Avg % Complete
B7: =COUNTA('Project Tracker'!B5:B50) -> 6 | D7: =COUNTIF('Project Tracker'!I5:I50,"Completed") -> 1 | F7: =COUNTIF('Project Tracker'!I5:I50,"In Progress") -> 3 | H7: =COUNTIF('Project Tracker'!I5:I50,"Not Started") -> 2 | J7: =IFERROR(AVERAGEIF('Project Tracker'!I5:I50,"<>",'Project Tracker'!J5:J50),0) -> 0.375
B11: STATUS BREAKDOWN | G11: PRIORITY BREAKDOWN
B12: Completed | C12: =COUNTIF('Project Tracker'!I5:I50,"Completed") -> 1 | E12: =IFERROR(COUNTIF('Project Tracker'!I5:I50,"Completed")/COUNTA('Project Tracker'!B5:B50),0) -> 0.16666667 | G12: High | H12: =COUNTIF('Project Tracker'!E5:E50,"High") -> 3 | J12: =IFERROR(COUNTIF('Project Tracker'!E5:E50,"High")/COUNTA('Project Tracker'!B5:B50),0) -> 0.5
B13: In Progress | C13: =COUNTIF('Project Tracker'!I5:I50,"In Progress") -> 3 | E13: =IFERROR(COUNTIF('Project Tracker'!I5:I50,"In Progress")/COUNTA('Project Tracker'!B5:B50),0) -> 0.5 | G13: Medium | H13: =COUNTIF('Project Tracker'!E5:E50,"Medium") -> 2 | J13: =IFERROR(COUNTIF('Project Tracker'!E5:E50,"Medium")/COUNTA('Project Tracker'!B5:B50),0) -> 0.33333333
B14: Not Started | C14: =COUNTIF('Project Tracker'!I5:I50,"Not Started") -> 2 | E14: =IFERROR(COUNTIF('Project Tracker'!I5:I50,"Not Started")/COUNTA('Project Tracker'!B5:B50),0) -> 0.33333333 | G14: Low | H14: =COUNTIF('Project Tracker'!E5:E50,"Low") -> 1 | J14: =IFERROR(COUNTIF('Project Tracker'!E5:E50,"Low")/COUNTA('Project Tracker'!B5:B50),0) -> 0.16666667
B15: On Hold | C15: =COUNTIF('Project Tracker'!I5:I50,"On Hold") -> 0 | E15: =IFERROR(COUNTIF('Project Tracker'!I5:I50,"On Hold")/COUNTA('Project Tracker'!B5:B50),0) -> 0
B16: Cancelled | C16: =COUNTIF('Project Tracker'!I5:I50,"Cancelled") -> 0 | E16: =IFERROR(COUNTIF('Project Tracker'!I5:I50,"Cancelled")/COUNTA('Project Tracker'!B5:B50),0) -> 0
B19: ⚠ OVERDUE PROJECTS (Target Date < Today & Status ≠ Completed)
B20: Project ID | C20: Project Name | E20: Owner | G20: Target Date | I20: Status | K20: % Complete
B21: Use Excel's AutoFilter on the "Project Tracker" sheet (filter Target Date < Today AND Status ≠ Completed) to see overdue projects.

Sheet Issue Log
A1: ISSUE & RISK LOG
A3: Issue ID | B3: Project ID | C3: Date Raised | D3: Issue / Risk Description | E3: Impact | F3: Probability | G3: Priority Score | H3: Owner | I3: Status | J3: Resolution / Notes
A4: ISS-001 | B4: PI-001 | C4: 45780 | D4: IT sign-off delayed for portal integration | E4: High | F4: Medium | G4: =E4&" / "&F4 -> High / Medium | H4: J. Smith (PM) | I4: Open | J4: Escalated to CIO on May 3. Follow-up meeting scheduled May 17.
A5: ISS-002 | B5: PI-003 | C5: 45767 | D5: Procurement approval pending for Power BI license | E5: Medium | F5: Low | G5: =E5&" / "&F5 -> Medium / Low | H5: R. Chen (Finance) | I5: Open | J5: Submitted purchase request #4421. Est. approval May 31.
A6: ISS-003 | B6: PI-005 | C6: 45748 | D6: Resource not yet allocated by IT Director | E6: High | F6: High | G6: =E6&" / "&F6 -> High / High | H6: K. Nguyen (IT) | I6: Open | J6: Discussed in April 15 steering meeting. Decision expected by May 15.

Sheet Instructions
A1: HOW TO USE THIS TRACKER
A3: Project Tracker | B3: • Each row = one improvement project. • Use the dropdown menus in Status, Priority, and Category columns. • Enter % Complete as a decimal (0.75 = 75%). • Milestones column: use ✓ to mark completed milestones. • Add new projects below the last filled row.
A4: Dashboard | B4: • Automatically recalculates from Project Tracker — no manual entry needed. • KPI cards update whenever you add or change project data. • Use AutoFilter on Project Tracker to identify overdue items.
A5: Issue Log | B5: • Log any issues or risks that arise during project execution. • Link each issue to a Project ID for traceability. • Update Status and Resolution columns as issues are resolved.
A6: Color Coding | B6: • Green rows = Completed projects. • Blue/white rows = Active or not-started projects. • Grey rows = Not Started projects. • Dashboard KPI cards reflect live counts.
